id,disease_id,image_url,image_path,version
b47b03ea-600c-45c3-a35f-37c350291baf,d17b401f-692b-4f56-8238-7e0b6b50a7c9,https://betaren.ru/harmful/bolezni/bolezni-zernovykh-kultur/alternarioz-zerna/,downloads\images/diseases\disease_Альтернариоз_зерна_d17b401f-692b-4f56-8238-7e0b6b50a7c9.jpg,1
d7039561-5d22-4cdf-bddc-34f298d89ea9,d0e249de-c958-4886-a290-d8e919ffaabc,https://betaren.ru/harmful/bolezni/bolezni-zernovykh-kultur/buraya_rzhavchina/,downloads\images/diseases\disease_Бурая_ржавчина_d0e249de-c958-4886-a290-d8e919ffaabc.jpg,1
84205ddc-ce86-4c50-ab6f-750220d42fa0,4c928a8b-0ab6-466b-8f1a-2047c02a9f60,https://betaren.ru/harmful/bolezni/bolezni-zernovykh-kultur/gelmintosporioznaya_gnil/,downloads\images/diseases\disease_Гельминтоспориозная_корневая_гниль_4c928a8b-0ab6-466b-8f1a-2047c02a9f60.jpg,1
a4f4437b-eb1e-4ee6-8bdf-c5202198d48a,1833a39f-3f9b-474c-99de-cdbf22f20fd9,https://betaren.ru/harmful/bolezni/bolezni-zernovykh-kultur/gibellinoz-pshenitsy/,downloads\images/diseases\disease_Гибеллиноз_пшеницы_1833a39f-3f9b-474c-99de-cdbf22f20fd9.jpg,1
9ca2159c-7c66-41b9-9a5b-51e040f18259,b704c1dd-8c1d-441d-8983-62eeab6a5ad0,https://betaren.ru/harmful/bolezni/bolezni-zernovykh-kultur/zheltaya_rzhavchina/,downloads\images/diseases\disease_Желтая_ржавчина_b704c1dd-8c1d-441d-8983-62eeab6a5ad0.jpg,1
c2c1426e-5edf-49a5-8d3d-44256c2b4674,7fb447b6-4556-4301-bbe6-9954bff7334a,https://betaren.ru/harmful/bolezni/bolezni-zernovykh-kultur/muchnistaya-rosa/,downloads\images/diseases\disease_Мучнистая_роса_7fb447b6-4556-4301-bbe6-9954bff7334a.jpg,1
cae67817-0a51-4d65-96f0-7a5226c24fd1,8696a0c3-9b5f-4e38-9ab9-7715a00598f5,https://betaren.ru/harmful/bolezni/bolezni-zernovykh-kultur/olivkovaya_plesen/,downloads\images/diseases\disease_Оливковая_плесень_8696a0c3-9b5f-4e38-9ab9-7715a00598f5.jpg,1
a8ed8afb-820e-4600-8e9d-ac621a91c504,54ab4656-2e13-46d7-8436-9769654af935,https://betaren.ru/harmful/bolezni/bolezni-zernovykh-kultur/ophioboleznaya_kornevaya_gnil/,downloads\images/diseases\disease_Офиоболезная_корневая_гниль_54ab4656-2e13-46d7-8436-9769654af935.jpg,1
5fd4c140-c75b-4de2-8126-0eb6c2c99ff5,559e35d4-a03d-4edb-aa98-218a0ac8e908,https://betaren.ru/harmful/bolezni/bolezni-zernovykh-kultur/pirenoforoz/,downloads\images/diseases\disease_Пиренофороз_559e35d4-a03d-4edb-aa98-218a0ac8e908.jpg,1
72650089-3454-42b0-a26f-196246b5ccae,5f02d5c1-5eaf-4f02-9e85-ede06bbb5e1d,https://betaren.ru/harmful/bolezni/bolezni-zernovykh-kultur/plesnevenie-semyan/,downloads\images/diseases\disease_Плесневение_семян_5f02d5c1-5eaf-4f02-9e85-ede06bbb5e1d.jpg,1
d033889f-3851-4756-b9c9-9c44def36dd6,180513d6-872c-4bcd-b36f-b3f2e5be163e,https://betaren.ru/harmful/bolezni/bolezni-zernovykh-kultur/Polosataya_pyatnistost_yachmenya/,downloads\images/diseases\disease_Полосатая_пятнистость_ячменя_180513d6-872c-4bcd-b36f-b3f2e5be163e.jpg,1
963cca2a-4a6f-4163-a094-57ed5306e45f,38b5fa28-c95c-4463-b298-f7574005a708,https://betaren.ru/harmful/bolezni/bolezni-zernovykh-kultur/pilnaya_golovnya/,downloads\images/diseases\disease_Пыльная_головня_38b5fa28-c95c-4463-b298-f7574005a708.jpg,1
0c20e08a-01fa-4a1f-b3b4-89770232b6ba,4dde5f23-06d0-4ee4-8364-ae39d9f2ef9d,https://betaren.ru/harmful/bolezni/bolezni-zernovykh-kultur/rzhavchina_karlikovaya/,downloads\images/diseases\disease_Ржавчина_карликовая_ячменя_4dde5f23-06d0-4ee4-8364-ae39d9f2ef9d.jpg,1
c4825a6d-33ae-493a-afc9-77a7d28040b6,e7f50f14-f47c-4ab8-a8a1-c6d3d6fdf9eb,https://betaren.ru/harmful/bolezni/bolezni-zernovykh-kultur/rzhavchina_koronchataya/,downloads\images/diseases\disease_Ржавчина_корончатая_e7f50f14-f47c-4ab8-a8a1-c6d3d6fdf9eb.jpg,1
bfc58653-7c65-463d-a5dc-bdf2ff8c3e18,397c96c1-eb26-4f67-8334-6bb366810a50,https://betaren.ru/harmful/bolezni/bolezni-zernovykh-kultur/rinhosporioz/,downloads\images/diseases\disease_Ринхоспориоз_397c96c1-eb26-4f67-8334-6bb366810a50.jpg,1
8fbe7d07-2eb1-419a-8d8d-ba05974256aa,fb26b90e-d0f9-4351-8340-2846f3813a87,https://betaren.ru/harmful/bolezni/bolezni-zernovykh-kultur/septorioz/,downloads\images/diseases\disease_Септориоз_fb26b90e-d0f9-4351-8340-2846f3813a87.jpg,1
f80f7192-dead-4c23-8a43-972d373654c6,14eae00d-c131-4d88-b9f8-6869976042b6,https://betaren.ru/harmful/bolezni/bolezni-zernovykh-kultur/septorioz-kolosa-pshenitsy/,downloads\images/diseases\disease_Септориоз_колоса_14eae00d-c131-4d88-b9f8-6869976042b6.jpg,1
2e400a4b-1bda-4b11-a9e8-7123db2ad353,50e7b833-a145-4131-8d68-99813f850cfb,https://betaren.ru/harmful/bolezni/bolezni-zernovykh-kultur/setchataya_pyatnistost/,downloads\images/diseases\disease_Сетчатая_пятнистость_ячменя_50e7b833-a145-4131-8d68-99813f850cfb.jpg,1
494109bd-99fb-4396-bfc4-910beafcb952,a54ad746-052f-450a-ae2e-0c70b4759f4d,https://betaren.ru/harmful/bolezni/bolezni-zernovykh-kultur/sklerotiniya-zernovykh-kultur/,downloads\images/diseases\disease_Склеротиния_зерновых_культур_a54ad746-052f-450a-ae2e-0c70b4759f4d.jpg,1
74b9dbaf-d637-4bfa-b8cc-adca941aed9b,c809b88a-b6a2-4028-8dd8-123e21c1f17c,https://betaren.ru/harmful/bolezni/bolezni-zernovykh-kultur/snejnaya_plesen/,downloads\images/diseases\disease_Снежная_плесень_c809b88a-b6a2-4028-8dd8-123e21c1f17c.jpg,1
ecbe9908-0438-4e0a-a8e4-87f0f653b2d9,c177ac2f-c5d4-4524-ae50-7c9497a663c7,https://betaren.ru/harmful/bolezni/bolezni-zernovykh-kultur/alternarioz-zerna/,downloads\images/diseases\disease_Альтернариоз_зерна_c177ac2f-c5d4-4524-ae50-7c9497a663c7.jpg,1
59b143a9-bd04-490f-8ac5-05ef19d768c6,b1915325-d0d7-4221-8e3a-adf4d224580e,https://betaren.ru/harmful/bolezni/bolezni-zernovykh-kultur/buraya_rzhavchina/,downloads\images/diseases\disease_Бурая_ржавчина_b1915325-d0d7-4221-8e3a-adf4d224580e.jpg,1
b93ebda3-bc10-4850-b02c-e8ef92a70214,17088cc8-daf0-427d-875c-f0096d6d0ba2,https://betaren.ru/harmful/bolezni/bolezni-zernovykh-kultur/gelmintosporioznaya_gnil/,downloads\images/diseases\disease_Гельминтоспориозная_корневая_гниль_17088cc8-daf0-427d-875c-f0096d6d0ba2.jpg,1
6653e911-bf72-4001-95f9-942266c93ee7,95c7e897-fc02-4458-8206-b4c21f97631f,https://betaren.ru/harmful/bolezni/bolezni-zernovykh-kultur/gibellinoz-pshenitsy/,downloads\images/diseases\disease_Гибеллиноз_пшеницы_95c7e897-fc02-4458-8206-b4c21f97631f.jpg,1
5f156a78-136b-4c02-a346-d11c5d10d4a5,c2c313a1-2d1f-4c0b-ad83-5f069966e796,https://betaren.ru/harmful/bolezni/bolezni-zernovykh-kultur/zheltaya_rzhavchina/,downloads\images/diseases\disease_Желтая_ржавчина_c2c313a1-2d1f-4c0b-ad83-5f069966e796.jpg,1
ecfe2fc9-639e-4c44-ae75-50d1f904a71c,afedf928-28dd-4b7d-bd74-4afba3b6a929,https://betaren.ru/harmful/bolezni/bolezni-zernovykh-kultur/muchnistaya-rosa/,downloads\images/diseases\disease_Мучнистая_роса_afedf928-28dd-4b7d-bd74-4afba3b6a929.jpg,1
8da6efa6-39a0-4441-aa0a-1be99d0d4304,1fb4539f-b330-432c-9561-ba718631b5a6,https://betaren.ru/harmful/bolezni/bolezni-zernovykh-kultur/olivkovaya_plesen/,downloads\images/diseases\disease_Оливковая_плесень_1fb4539f-b330-432c-9561-ba718631b5a6.jpg,1
eac8138c-3cac-478b-b9e9-e5c57e39d306,ab5e2f81-951b-4fd8-970f-8b02e695acc9,https://betaren.ru/harmful/bolezni/bolezni-zernovykh-kultur/ophioboleznaya_kornevaya_gnil/,downloads\images/diseases\disease_Офиоболезная_корневая_гниль_ab5e2f81-951b-4fd8-970f-8b02e695acc9.jpg,1
85be8415-26b3-45b2-bc7d-f3fc815bf7e0,7201b3fa-b0e9-427a-b865-9da68c845326,https://betaren.ru/harmful/bolezni/bolezni-zernovykh-kultur/pirenoforoz/,downloads\images/diseases\disease_Пиренофороз_7201b3fa-b0e9-427a-b865-9da68c845326.jpg,1
93e06196-815b-47be-a300-eb3888594c5c,8476c0cb-6e05-494c-b88a-4f7540d8e3b2,https://betaren.ru/harmful/bolezni/bolezni-zernovykh-kultur/plesnevenie-semyan/,downloads\images/diseases\disease_Плесневение_семян_8476c0cb-6e05-494c-b88a-4f7540d8e3b2.jpg,1
0ef168d3-83f0-497e-9f4c-92e72cee7df4,0b9c8cda-e52a-444e-a02b-4c0fbe64afab,https://betaren.ru/harmful/bolezni/bolezni-zernovykh-kultur/Polosataya_pyatnistost_yachmenya/,downloads\images/diseases\disease_Полосатая_пятнистость_ячменя_0b9c8cda-e52a-444e-a02b-4c0fbe64afab.jpg,1
18238dc6-de4c-4c47-9ec7-ccd10b250d6a,c6add4fb-f999-4504-ae83-40d5c140ce7f,https://betaren.ru/harmful/bolezni/bolezni-zernovykh-kultur/pilnaya_golovnya/,downloads\images/diseases\disease_Пыльная_головня_c6add4fb-f999-4504-ae83-40d5c140ce7f.jpg,1
bd561512-bb50-4d2b-8535-0e88ae4cc08b,84c630b5-4baa-4b0b-a604-8275f63b6699,https://betaren.ru/harmful/bolezni/bolezni-zernovykh-kultur/rzhavchina_karlikovaya/,downloads\images/diseases\disease_Ржавчина_карликовая_ячменя_84c630b5-4baa-4b0b-a604-8275f63b6699.jpg,1
b55fb7b5-0b2d-4afb-b1c6-d0b9178931ca,5ed01148-3e42-4800-b3f8-69e4de985716,https://betaren.ru/harmful/bolezni/bolezni-zernovykh-kultur/rzhavchina_koronchataya/,downloads\images/diseases\disease_Ржавчина_корончатая_5ed01148-3e42-4800-b3f8-69e4de985716.jpg,1
a4cd840c-2939-4c01-ae0a-b37454cfdae6,43dbec75-c1c3-4ecd-be6f-971b7eb8c089,https://betaren.ru/harmful/bolezni/bolezni-zernovykh-kultur/rinhosporioz/,downloads\images/diseases\disease_Ринхоспориоз_43dbec75-c1c3-4ecd-be6f-971b7eb8c089.jpg,1
362ae196-a5d9-49d0-9e8d-989ba77f18c5,c1dd04a4-4863-492f-9cb0-80885867be93,https://betaren.ru/harmful/bolezni/bolezni-zernovykh-kultur/septorioz/,downloads\images/diseases\disease_Септориоз_c1dd04a4-4863-492f-9cb0-80885867be93.jpg,1
e1671e5a-e732-4351-8166-95320864e64c,f5f1d911-2338-4bf2-ba86-30ed56adb8e0,https://betaren.ru/harmful/bolezni/bolezni-zernovykh-kultur/septorioz-kolosa-pshenitsy/,downloads\images/diseases\disease_Септориоз_колоса_f5f1d911-2338-4bf2-ba86-30ed56adb8e0.jpg,1
635f3646-5adf-4738-9223-e8f1a1ef2a1d,a7853d6c-cd1b-4485-99e0-463f1cb84593,https://betaren.ru/harmful/bolezni/bolezni-zernovykh-kultur/setchataya_pyatnistost/,downloads\images/diseases\disease_Сетчатая_пятнистость_ячменя_a7853d6c-cd1b-4485-99e0-463f1cb84593.jpg,1
3ca8ef0e-3836-4d8e-a9ca-35888ba3c31c,e1993f4a-6688-4f65-86ad-20742764b93e,https://betaren.ru/harmful/bolezni/bolezni-zernovykh-kultur/sklerotiniya-zernovykh-kultur/,downloads\images/diseases\disease_Склеротиния_зерновых_культур_e1993f4a-6688-4f65-86ad-20742764b93e.jpg,1
f2414349-f247-4726-99ec-1660a14bc42d,17ce5e25-6e2e-4116-a632-09e494f9b664,https://betaren.ru/harmful/bolezni/bolezni-zernovykh-kultur/snejnaya_plesen/,downloads\images/diseases\disease_Снежная_плесень_17ce5e25-6e2e-4116-a632-09e494f9b664.jpg,1
f4d9d4c1-a72f-49c1-aba2-12e47408a36d,aa7d0f38-6f70-413b-883f-286c2cafbcef,https://betaren.ru/harmful/bolezni/bolezni-zernovykh-kultur/alternarioz-zerna/,downloads\images/diseases\disease_Альтернариоз_зерна_aa7d0f38-6f70-413b-883f-286c2cafbcef.jpg,1
acea3ec6-2c9f-46c7-a3d1-ec3efb1dbe5e,bb1d6276-74ac-45ac-957f-2fec18399205,https://betaren.ru/harmful/bolezni/bolezni-zernovykh-kultur/buraya_rzhavchina/,downloads\images/diseases\disease_Бурая_ржавчина_bb1d6276-74ac-45ac-957f-2fec18399205.jpg,1
6fcc1231-779f-4731-a020-fc3cb2ca5789,b8e963bc-dc9d-4102-8239-76354b589aa4,https://betaren.ru/harmful/bolezni/bolezni-zernovykh-kultur/gelmintosporioznaya_gnil/,downloads\images/diseases\disease_Гельминтоспориозная_корневая_гниль_b8e963bc-dc9d-4102-8239-76354b589aa4.jpg,1
cfc8c9be-1062-4788-aebc-b826d9bd9679,50ff8424-fa0c-46cf-9feb-ff2b24d1f44c,https://betaren.ru/harmful/bolezni/bolezni-zernovykh-kultur/gibellinoz-pshenitsy/,downloads\images/diseases\disease_Гибеллиноз_пшеницы_50ff8424-fa0c-46cf-9feb-ff2b24d1f44c.jpg,1
54c21195-9702-4b31-906f-26545727a308,bffd5d3a-ec9e-4de6-ad06-4e8d90d57a69,https://betaren.ru/harmful/bolezni/bolezni-zernovykh-kultur/zheltaya_rzhavchina/,downloads\images/diseases\disease_Желтая_ржавчина_bffd5d3a-ec9e-4de6-ad06-4e8d90d57a69.jpg,1
0dedc863-6323-4f41-9eb3-83372082e7bf,204f3da5-2955-4246-abad-2f2ec6986f18,https://betaren.ru/harmful/bolezni/bolezni-zernovykh-kultur/muchnistaya-rosa/,downloads\images/diseases\disease_Мучнистая_роса_204f3da5-2955-4246-abad-2f2ec6986f18.jpg,1
9f2096d3-aa10-4d6a-b8c2-9752223c3ea0,9870257e-f866-419a-8680-8e68ccf0870d,https://betaren.ru/harmful/bolezni/bolezni-zernovykh-kultur/olivkovaya_plesen/,downloads\images/diseases\disease_Оливковая_плесень_9870257e-f866-419a-8680-8e68ccf0870d.jpg,1
3b195b44-a0f1-492c-bbf5-eb61fa0d1242,ef945e3b-f1e0-4ad8-a14c-ef0b6b357ebb,https://betaren.ru/harmful/bolezni/bolezni-zernovykh-kultur/ophioboleznaya_kornevaya_gnil/,downloads\images/diseases\disease_Офиоболезная_корневая_гниль_ef945e3b-f1e0-4ad8-a14c-ef0b6b357ebb.jpg,1
3e95f421-f53f-47b7-b4f1-a1c0ac7f5c5d,0746e8f0-0bba-402a-bda5-d04107494ab5,https://betaren.ru/harmful/bolezni/bolezni-zernovykh-kultur/pirenoforoz/,downloads\images/diseases\disease_Пиренофороз_0746e8f0-0bba-402a-bda5-d04107494ab5.jpg,1
75f7960e-749f-493e-a806-5259b94591c4,f8536ce3-258c-46f5-81e7-487d4a4cdf6f,https://betaren.ru/harmful/bolezni/bolezni-zernovykh-kultur/plesnevenie-semyan/,downloads\images/diseases\disease_Плесневение_семян_f8536ce3-258c-46f5-81e7-487d4a4cdf6f.jpg,1
2b8f8203-a490-4033-9cde-4feacd97fb32,df7fb5da-150a-4f73-9a79-6b016acbf5e7,https://betaren.ru/harmful/bolezni/bolezni-zernovykh-kultur/Polosataya_pyatnistost_yachmenya/,downloads\images/diseases\disease_Полосатая_пятнистость_ячменя_df7fb5da-150a-4f73-9a79-6b016acbf5e7.jpg,1
9df203f7-4841-4704-b16c-1686195fbb7e,997e71b9-0afd-4a96-9009-44cb40bd7825,https://betaren.ru/harmful/bolezni/bolezni-zernovykh-kultur/pilnaya_golovnya/,downloads\images/diseases\disease_Пыльная_головня_997e71b9-0afd-4a96-9009-44cb40bd7825.jpg,1
20e0f2ab-0816-4907-892e-8e1ab5642208,f0db4a3d-2233-4257-ab5f-aa778580b025,https://betaren.ru/harmful/bolezni/bolezni-zernovykh-kultur/rzhavchina_karlikovaya/,downloads\images/diseases\disease_Ржавчина_карликовая_ячменя_f0db4a3d-2233-4257-ab5f-aa778580b025.jpg,1
4aae414e-94ac-49de-9dbb-ae6e4b0cdc4a,aa2d882e-f133-483a-b387-cd45f38f9c63,https://betaren.ru/harmful/bolezni/bolezni-zernovykh-kultur/rzhavchina_koronchataya/,downloads\images/diseases\disease_Ржавчина_корончатая_aa2d882e-f133-483a-b387-cd45f38f9c63.jpg,1
ef3bb2cb-33fb-4f59-b4ef-0fe3b6b5b1df,72cfaf55-baf4-4965-8845-a0cdc3d99c44,https://betaren.ru/harmful/bolezni/bolezni-zernovykh-kultur/rinhosporioz/,downloads\images/diseases\disease_Ринхоспориоз_72cfaf55-baf4-4965-8845-a0cdc3d99c44.jpg,1
8fa3175b-92b9-4076-9019-f7c33e3eec1f,076c976b-2c0d-4d23-92c8-09f01f0e9cb7,https://betaren.ru/harmful/bolezni/bolezni-zernovykh-kultur/septorioz/,downloads\images/diseases\disease_Септориоз_076c976b-2c0d-4d23-92c8-09f01f0e9cb7.jpg,1
010b1b38-9554-415a-a3d6-07dbaa6bae26,1f98e210-a990-49ca-a4cc-7b817a71178d,https://betaren.ru/harmful/bolezni/bolezni-zernovykh-kultur/septorioz-kolosa-pshenitsy/,downloads\images/diseases\disease_Септориоз_колоса_1f98e210-a990-49ca-a4cc-7b817a71178d.jpg,1
25aa3f4a-aa8d-4690-be88-7c017a76ec0f,20e6072c-0417-42f8-9274-3d73333b3f10,https://betaren.ru/harmful/bolezni/bolezni-zernovykh-kultur/setchataya_pyatnistost/,downloads\images/diseases\disease_Сетчатая_пятнистость_ячменя_20e6072c-0417-42f8-9274-3d73333b3f10.jpg,1
9dc8665b-e7c6-47c0-a5bf-0569ac04b2cb,368902c4-ffc0-4682-ab86-7d6a3fdf1182,https://betaren.ru/harmful/bolezni/bolezni-zernovykh-kultur/sklerotiniya-zernovykh-kultur/,downloads\images/diseases\disease_Склеротиния_зерновых_культур_368902c4-ffc0-4682-ab86-7d6a3fdf1182.jpg,1
e1381b6d-3c14-4936-b9cc-72c58f75db38,c7be313b-76bb-405c-a5ba-eec38a07978a,https://betaren.ru/harmful/bolezni/bolezni-zernovykh-kultur/snejnaya_plesen/,downloads\images/diseases\disease_Снежная_плесень_c7be313b-76bb-405c-a5ba-eec38a07978a.jpg,1
9d0bc4d7-a56c-4798-8854-1735919177e9,1cd0781b-ed18-43c4-8f2b-3e9c6ac6b894,https://betaren.ru/harmful/bolezni/bolezni-rapsa/albugo/,downloads\images/diseases\disease_Альбуго_1cd0781b-ed18-43c4-8f2b-3e9c6ac6b894.jpg,1
539603e8-abaa-4aaa-b563-ec43099ddd8d,f6ca4a3b-7617-45d2-a359-67747b55ac8c,https://betaren.ru/harmful/bolezni/bolezni-rapsa/alternarioz_raps/,downloads\images/diseases\disease_Альтернариоз_f6ca4a3b-7617-45d2-a359-67747b55ac8c.jpg,1
e2c567df-9b74-4180-bb8b-fd85b19e363a,9779532d-40d7-4100-8e24-7c29bcf44ec4,https://betaren.ru/harmful/bolezni/bolezni-rapsa/belaya_gnil_raps/,downloads\images/diseases\disease_Белая_гниль_9779532d-40d7-4100-8e24-7c29bcf44ec4.jpg,1
b8ec16ef-8e2f-4b70-9bd8-d2b8178e5f56,7aee2871-f854-4be0-8bcf-cc081d377713,https://betaren.ru/harmful/bolezni/bolezni-rapsa/belaya_pyatnistost/,downloads\images/diseases\disease_Белая_пятнистость_7aee2871-f854-4be0-8bcf-cc081d377713.jpg,1
3ec09e49-d9c4-47ee-8f69-117cd167c0a3,9bdbb53f-4994-456a-9e12-80ad08ee9303,https://betaren.ru/harmful/bolezni/bolezni-rapsa/kornevie_gnili_rapsa/,downloads\images/diseases\disease_Корневые_гнили_рапса_9bdbb53f-4994-456a-9e12-80ad08ee9303.jpg,1
fd09b09a-c7bb-452e-9b7b-754bacd17b41,446afdfa-824c-4d60-b25c-bc0097b92723,https://betaren.ru/harmful/bolezni/bolezni-rapsa/muchnistaya_rosa_raps/,downloads\images/diseases\disease_Мучнистая_роса_рапса_446afdfa-824c-4d60-b25c-bc0097b92723.jpg,1
f6988c24-3c0e-48a9-84c2-f21a87d4e109,8c033f2d-8b0c-48d8-8504-cc2d81cba675,https://betaren.ru/harmful/bolezni/bolezni-rapsa/peronosporoz/,downloads\images/diseases\disease_Пероноспороз_8c033f2d-8b0c-48d8-8504-cc2d81cba675.jpg,1
02697626-3869-4b03-866e-46e7318553d8,4cb213c9-1a8a-48d4-a4ac-c5271371db4a,https://betaren.ru/harmful/bolezni/bolezni-rapsa/seraya_gnil_raps/,downloads\images/diseases\disease_Серая_гниль_рапса_4cb213c9-1a8a-48d4-a4ac-c5271371db4a.jpg,1
0b65506e-9030-419c-a652-0eeeb0d605c0,2fd9e903-390d-4f80-8935-99a903105991,https://betaren.ru/harmful/bolezni/bolezni-rapsa/fomoz_raps/,downloads\images/diseases\disease_Фомоз_2fd9e903-390d-4f80-8935-99a903105991.jpg,1
18f62172-48cb-4f20-8459-315cb49ecdc4,64502447-3ce0-4880-ba84-351ee0b0e5be,https://betaren.ru/harmful/bolezni/bolezni-rapsa/cilindrosporioz/,downloads\images/diseases\disease_Цилиндроспориоз_64502447-3ce0-4880-ba84-351ee0b0e5be.jpg,1
45c1d50b-e534-4876-995e-ff1222138034,f1204d6d-7a47-4901-bf73-952c943c78bc,https://betaren.ru/harmful/bolezni/bolezni-kukuruzy/plesnevenie_pochatkov/,downloads\images/diseases\disease_Плесневение_початков_f1204d6d-7a47-4901-bf73-952c943c78bc.jpg,1
152847e5-294f-4ed2-a49f-03bbc1d00211,71d68e31-ce0d-4b4d-978d-be20b26f1d3e,https://betaren.ru/harmful/bolezni/bolezni-kukuruzy/puzirchataya_golovnya/,downloads\images/diseases\disease_Пузырчатая_головня_кукурузы_71d68e31-ce0d-4b4d-978d-be20b26f1d3e.jpg,1
8a4cff1d-b76a-4070-bde2-a2ee85f5ef1f,c8120d5e-c319-49d7-bc55-18bbcf5f9a36,https://betaren.ru/harmful/bolezni/bolezni-kukuruzy/pilnaya_golovnya_kukuruzi/,downloads\images/diseases\disease_Пыльная_головня_кукурузы_c8120d5e-c319-49d7-bc55-18bbcf5f9a36.jpg,1
7ed43461-b4b0-48f3-b534-c0319c0f5e89,d09e92d0-30c2-4021-a17b-6f838655d3da,https://betaren.ru/harmful/bolezni/bolezni-kukuruzy/fuzarioz/,downloads\images/diseases\disease_Фузариоз_d09e92d0-30c2-4021-a17b-6f838655d3da.jpg,1
1a749502-2b51-48ff-bde2-d617715ec11b,8ed6d560-8498-4ff9-b3e1-f3b113dea723,https://betaren.ru/harmful/bolezni/bolezni-soi/antraknoz_soi/,downloads\images/diseases\disease_Антракноз_сои_8ed6d560-8498-4ff9-b3e1-f3b113dea723.jpg,1
b812ac00-3aa6-4b76-9c5d-67fe0927a0e4,32cbc1ae-f8c5-4347-8809-2d0d93d528c9,https://betaren.ru/harmful/bolezni/bolezni-soi/askohitos_soya/,downloads\images/diseases\disease_Аскохитоз_сои_32cbc1ae-f8c5-4347-8809-2d0d93d528c9.jpg,1
1f205a30-dcb8-41e9-811f-3328528a5ca3,2c1ca477-a9ef-4296-8e77-b81a6e4904c8,https://betaren.ru/harmful/bolezni/bolezni-soi/bakterialni_ozhog_soi/,downloads\images/diseases\disease_Бактериальный_ожог_2c1ca477-a9ef-4296-8e77-b81a6e4904c8.jpg,1
8da7429d-eab9-4c90-b166-ab890ca5c15c,793ebc4c-2ca5-4613-82bb-fc7809fce2e2,https://betaren.ru/harmful/bolezni/bolezni-soi/virusnaya_mozaika_soi/,downloads\images/diseases\disease_Вирусная_мозаика_сои_793ebc4c-2ca5-4613-82bb-fc7809fce2e2.jpg,1
db7c03a9-d944-4a08-9eb4-29f77ca7914c,f7b7d553-3ed0-41e7-8561-8768832d5e28,https://betaren.ru/harmful/bolezni/bolezni-soi/peronosporos/,downloads\images/diseases\disease_Пероноспороз_или_ложная_мучнистая_роса_f7b7d553-3ed0-41e7-8561-8768832d5e28.jpg,1
dc2e7e3c-7e45-4ab6-a2f6-51c8192e77e9,1bdee465-5985-4716-a1af-7bf462877f24,https://betaren.ru/harmful/bolezni/bolezni-soi/purpurni_tsercosporoz/,downloads\images/diseases\disease_Пурпурный_церкоспороз_сои_1bdee465-5985-4716-a1af-7bf462877f24.jpg,1
ace8e80b-e486-48d4-b376-3d14c426647f,1a767a4b-34ac-4477-8dd8-3969c578f30a,https://betaren.ru/harmful/bolezni/bolezni-soi/septorios_soi/,downloads\images/diseases\disease_Септориоз_или_ржавая_пятнистость_1a767a4b-34ac-4477-8dd8-3969c578f30a.jpg,1
f1743982-8efa-4d11-b3c7-af244543dc69,bba68038-0c3e-4e74-9648-498bd5adde26,https://betaren.ru/harmful/bolezni/bolezni-soi/sklerotinioz/,downloads\images/diseases\disease_Склеротиниоз_(белая_гниль)_сои_bba68038-0c3e-4e74-9648-498bd5adde26.jpg,1
9dea1509-27c4-46fe-9ce3-19a0b9e5b7b4,d4891c35-7df4-4f14-a44a-8c3427913efb,https://betaren.ru/harmful/bolezni/bolezni-soi/fomopsis-soi/,downloads\images/diseases\disease_Фомопсис_сои_d4891c35-7df4-4f14-a44a-8c3427913efb.jpg,1
77f2cac4-f87a-434b-a88a-37070aef378e,b2f8568f-ebd5-415e-b560-794165a69155,https://betaren.ru/harmful/bolezni/bolezni-soi/fuzariozn_kornevaya_gnil_soi/,downloads\images/diseases\disease_Фузариозная_корневая_гниль_сои_b2f8568f-ebd5-415e-b560-794165a69155.jpg,1
4a44678b-87ce-402d-879c-2d0128a2e7a9,e8e20e15-1322-4c53-8f29-3f27fddff7f6,https://betaren.ru/harmful/bolezni/bolezni-sakharnoy-svekly/buraya_gnil/,downloads\images/diseases\disease_Бурая_гниль_e8e20e15-1322-4c53-8f29-3f27fddff7f6.jpg,1
7494803c-e82c-434b-a98a-85b788adc980,a40619a5-d06f-4e38-9de5-8139583a106e,https://betaren.ru/harmful/bolezni/bolezni-sakharnoy-svekly/kagatnaya-gnil/,downloads\images/diseases\disease_Кагатная_гниль_a40619a5-d06f-4e38-9de5-8139583a106e.jpg,1
531414dd-fead-4482-a7ec-aff88a364e06,1de915fa-9193-4988-b365-cc104f271e83,https://betaren.ru/harmful/bolezni/bolezni-sakharnoy-svekly/korneed_svekly/,downloads\images/diseases\disease_Корнеед_свеклы_1de915fa-9193-4988-b365-cc104f271e83.jpg,1
48f49df8-f2bb-4f8b-9590-fb1cb56c5fe5,ccb92340-aec4-4068-8ed1-5328c08377b0,https://betaren.ru/harmful/bolezni/bolezni-sakharnoy-svekly/muchnistaya_rosa_svekla/,downloads\images/diseases\disease_Мучнистая_роса_сахарной_свеклы_ccb92340-aec4-4068-8ed1-5328c08377b0.jpg,1
375e9247-997b-44d5-807c-58fa56fb2a81,44977995-3100-4526-951b-c6af677c3de5,https://betaren.ru/harmful/bolezni/bolezni-sakharnoy-svekly/Peronosporoz_svekly/,downloads\images/diseases\disease_Пероноспороз_свеклы_44977995-3100-4526-951b-c6af677c3de5.jpg,1
4bc78ca6-ad64-4d3a-b67e-5062f126e945,c97de52f-a3f9-4549-8bd8-d5e5b74f3212,https://betaren.ru/harmful/bolezni/bolezni-sakharnoy-svekly/ramulyarioz/,downloads\images/diseases\disease_Рамуляриоз_c97de52f-a3f9-4549-8bd8-d5e5b74f3212.jpg,1
13975a14-149b-4481-838d-3af9af68ab64,cc095bb7-1380-405d-80b1-0779031dbeeb,https://betaren.ru/harmful/bolezni/bolezni-sakharnoy-svekly/rzavshina_svekly/,downloads\images/diseases\disease_Ржавчина_свеклы_cc095bb7-1380-405d-80b1-0779031dbeeb.jpg,1
39b46450-d62a-485e-9f13-c328eff90b64,d32471d2-2520-47ae-9c4e-32af1d93d4bf,https://betaren.ru/harmful/bolezni/bolezni-sakharnoy-svekly/fomoz_svekli/,downloads\images/diseases\disease_Фомоз_свеклы_d32471d2-2520-47ae-9c4e-32af1d93d4bf.jpg,1
3766ec8f-f44f-486c-98ec-932df23032ff,7fea5175-2954-458d-afe2-0ec1c28fec3e,https://betaren.ru/harmful/bolezni/bolezni-sakharnoy-svekly/Fusarioz_svekly/,downloads\images/diseases\disease_Фузариоз_свеклы_7fea5175-2954-458d-afe2-0ec1c28fec3e.jpg,1
9f5e6b04-e759-4199-a239-fd01f1ea2b79,f71ee670-2bdc-4baf-8479-7c794669cc26,https://betaren.ru/harmful/bolezni/bolezni-sakharnoy-svekly/cerkosporoz_svekli/,downloads\images/diseases\disease_Церкоспороз_f71ee670-2bdc-4baf-8479-7c794669cc26.jpg,1
4e038fac-0ab5-4237-be2b-322a593317cc,ed1c3bb9-fdbb-40f2-9e0c-aaa37bcb2eb6,https://betaren.ru/harmful/bolezni/bolezni-podsolnechnika/alternarioz/,downloads\images/diseases\disease_Альтернариоз_подсолнечника_ed1c3bb9-fdbb-40f2-9e0c-aaa37bcb2eb6.jpg,1
36051790-6ff8-4705-83b9-fc8cda3d8f7f,6ecdd199-1b32-4e88-891c-0b5d7f1d3175,https://betaren.ru/harmful/bolezni/bolezni-podsolnechnika/belaya_gnil/,downloads\images/diseases\disease_Белая_гниль_подсолнечника_6ecdd199-1b32-4e88-891c-0b5d7f1d3175.jpg,1
0b75f3f1-7720-4f96-a34b-30ba23560459,ed5ce1aa-358b-4b69-a4da-2bbc02144483,https://betaren.ru/harmful/bolezni/bolezni-podsolnechnika/verticilleznoe_uvyadanie/,downloads\images/diseases\disease_Вертициллезное_увядание_ed5ce1aa-358b-4b69-a4da-2bbc02144483.jpg,1
ca32dded-23d3-4102-b2eb-66e415fe4534,93a11964-4caa-4293-b10e-4a1083b74059,https://betaren.ru/harmful/bolezni/bolezni-podsolnechnika/peronosporoz_podsoln/,downloads\images/diseases\disease_Ложная_мучнистая_роса_93a11964-4caa-4293-b10e-4a1083b74059.jpg,1
71b752fc-a361-4bc4-8dd0-a5f8f33c3250,8cf7cce3-c474-4862-9b87-f0947e72e49c,https://betaren.ru/harmful/bolezni/bolezni-podsolnechnika/rzhavchina-podsolnechnika/,downloads\images/diseases\disease_Ржавчина_подсолнечника_8cf7cce3-c474-4862-9b87-f0947e72e49c.jpg,1
85058eca-0b2f-4045-9bc9-04c5723f43d4,e32b9cad-8364-43b1-9452-e822eb28c433,https://betaren.ru/harmful/bolezni/bolezni-podsolnechnika/septorioz-podsolnechnika/,downloads\images/diseases\disease_Септориоз_подсолнечника_e32b9cad-8364-43b1-9452-e822eb28c433.jpg,1
41d30018-e84d-46c8-9c7a-4c1705107ad0,f6b44488-9c98-46d2-84c7-748fe00ba757,https://betaren.ru/harmful/bolezni/bolezni-podsolnechnika/seraya-gnil-podsolnechnika/,downloads\images/diseases\disease_Серая_гниль_подсолнечника_f6b44488-9c98-46d2-84c7-748fe00ba757.jpg,1
450c655b-8051-446a-af26-b6c6cd893b31,caeeff7a-6bae-4913-80c4-27ae9353ebbd,https://betaren.ru/harmful/bolezni/bolezni-podsolnechnika/suhaya_gnil_korzinok/,downloads\images/diseases\disease_Сухая_(ризопусная)_гниль_корзинок_caeeff7a-6bae-4913-80c4-27ae9353ebbd.jpg,1
6279b5b4-be31-423a-ba2b-dea2abe85eed,ecea1d03-6725-456b-b921-8dbbf093f42d,https://betaren.ru/harmful/bolezni/bolezni-podsolnechnika/Phomoz_podsolneshnika/,downloads\images/diseases\disease_Фомоз_подсолнечника_ecea1d03-6725-456b-b921-8dbbf093f42d.jpg,1
59bb1888-6f1e-4e54-a3b3-752af0dac61e,2fb53f95-032d-453b-9ebb-44d07383cdf2,https://betaren.ru/harmful/bolezni/bolezni-podsolnechnika/Phomopsis/,downloads\images/diseases\disease_Фомопсис_2fb53f95-032d-453b-9ebb-44d07383cdf2.jpg,1
18a8d5d0-1183-497f-a120-ec7accf58249,2f425d53-eeea-4ecc-b7fd-0507155209c5,https://betaren.ru/harmful/bolezni/bolezni-gorokha-i-nuta/antraknos/,downloads\images/diseases\disease_Антракноз_гороха_2f425d53-eeea-4ecc-b7fd-0507155209c5.jpg,1
2168dce2-2c23-4689-a8ec-ad8204fea535,949006e7-89bc-4b8e-b47b-b0ab09d67bba,https://betaren.ru/harmful/bolezni/bolezni-gorokha-i-nuta/askohitos/,downloads\images/diseases\disease_Аскохитоз_гороха_949006e7-89bc-4b8e-b47b-b0ab09d67bba.jpg,1
642525bf-bf4d-4535-a528-23e3fcbfad1b,e53fa1ca-2519-47c5-814d-a7f99ef2512f,https://betaren.ru/harmful/bolezni/bolezni-gorokha-i-nuta/aphanomitsetnaya_kornevaya_gnil/,downloads\images/diseases\disease_Афаномицетная_корневая_гниль_e53fa1ca-2519-47c5-814d-a7f99ef2512f.jpg,1
cf967c41-010c-43ed-9328-5cee27cae8af,a7495830-1cf8-4700-919f-2077ba6d5f5e,https://betaren.ru/harmful/bolezni/bolezni-gorokha-i-nuta/bakterialni_ozhog/,downloads\images/diseases\disease_Бактериальный_ожог_гороха_a7495830-1cf8-4700-919f-2077ba6d5f5e.jpg,1
4d1b59e7-9e07-45c7-9513-37f538dda9c0,35c09c9c-81f5-42d1-b06d-7668202d4978,https://betaren.ru/harmful/bolezni/bolezni-gorokha-i-nuta/belaya_gnil_goroha/,downloads\images/diseases\disease_Белая_гниль_гороха_35c09c9c-81f5-42d1-b06d-7668202d4978.jpg,1
816c5d26-0445-408f-91c2-3352e9b5d25b,2a9bb5ee-ff76-442f-9f16-8076694da320,https://betaren.ru/harmful/bolezni/bolezni-gorokha-i-nuta/virus_deformir_mozaiki/,downloads\images/diseases\disease_Вирус_деформирующей_мозаики_2a9bb5ee-ff76-442f-9f16-8076694da320.jpg,1
37faeb58-5466-452d-b3a2-232eec50f15a,84381020-7db0-4ce6-9f19-04d99c23d5c8,https://betaren.ru/harmful/bolezni/bolezni-gorokha-i-nuta/lozhnaya_muchnistaya_rosa/,downloads\images/diseases\disease_Ложная_мучнистая_роса_или_пероноспороз_84381020-7db0-4ce6-9f19-04d99c23d5c8.jpg,1
30ff45f0-b345-4ebc-98dd-eff093597383,c8cfed9b-adb8-4621-a99e-95f8ffbe38fc,https://betaren.ru/harmful/bolezni/bolezni-gorokha-i-nuta/muchnistaya_rosa_goroh/,downloads\images/diseases\disease_Мучнистая_роса_гороха_c8cfed9b-adb8-4621-a99e-95f8ffbe38fc.jpg,1
0eb0ca3c-5f5b-4baf-a858-5065390e128d,ca0734e1-b0ae-4642-9498-520e3d78e65a,https://betaren.ru/harmful/bolezni/bolezni-gorokha-i-nuta/pitioznaya_kornevaya_gnil/,downloads\images/diseases\disease_Питиозная_корневая_гниль_ca0734e1-b0ae-4642-9498-520e3d78e65a.jpg,1
73341c9b-f0a0-486d-bd8c-4dcfceb2c733,8417909d-7eeb-4561-92ee-07927ccf3469,https://betaren.ru/harmful/bolezni/bolezni-gorokha-i-nuta/rzhavchina/,downloads\images/diseases\disease_Ржавчина_гороха_8417909d-7eeb-4561-92ee-07927ccf3469.jpg,1
9bbe3257-a004-480c-87af-c25a508396a8,d2101a57-ea32-4627-8795-1ca11c74f80f,https://betaren.ru/harmful/bolezni/bolezni-gorokha-i-nuta/rizoktonioznaya_kornevaya_gnil/,downloads\images/diseases\disease_Ризоктониозная_корневая_гниль_d2101a57-ea32-4627-8795-1ca11c74f80f.jpg,1
7572d7c5-5573-497f-8953-530fc2caab66,7706a172-22a1-49dd-b89e-432b1df89f2c,https://betaren.ru/harmful/bolezni/bolezni-gorokha-i-nuta/seraya_gnil_goroha/,downloads\images/diseases\disease_Серая_гниль_гороха_7706a172-22a1-49dd-b89e-432b1df89f2c.jpg,1
25ec6b03-634a-4385-a1d3-406343463507,b6dd34e9-3ebc-4299-b958-601a621f46ed,https://betaren.ru/harmful/bolezni/bolezni-gorokha-i-nuta/fuzariozn_kornevaya_gnil_g/,downloads\images/diseases\disease_Фузариозная_корневая_гниль_b6dd34e9-3ebc-4299-b958-601a621f46ed.jpg,1
46132e74-24f5-4dad-9f88-fcac4ea0b13d,e88fca5a-2833-4faa-9ddb-bcbe72c014a0,https://betaren.ru/harmful/bolezni/bolezni-gorokha-i-nuta/antraknos/,downloads\images/diseases\disease_Антракноз_гороха_e88fca5a-2833-4faa-9ddb-bcbe72c014a0.jpg,1
2b5a6a6c-a58d-410a-b5aa-cfd5b9dad76e,e0d6699c-f4d4-493b-a7a8-3c8dcd689d44,https://betaren.ru/harmful/bolezni/bolezni-gorokha-i-nuta/askohitos/,downloads\images/diseases\disease_Аскохитоз_гороха_e0d6699c-f4d4-493b-a7a8-3c8dcd689d44.jpg,1
0a219850-41b0-41dc-98a6-6197452415b7,ed12153e-3b62-4489-a3f2-f32dd19c4d0c,https://betaren.ru/harmful/bolezni/bolezni-gorokha-i-nuta/aphanomitsetnaya_kornevaya_gnil/,downloads\images/diseases\disease_Афаномицетная_корневая_гниль_ed12153e-3b62-4489-a3f2-f32dd19c4d0c.jpg,1
b94164c3-0aab-423c-9805-ffea47c6fdec,c9bbf932-e136-49ca-9ea8-261852dc7fef,https://betaren.ru/harmful/bolezni/bolezni-gorokha-i-nuta/bakterialni_ozhog/,downloads\images/diseases\disease_Бактериальный_ожог_гороха_c9bbf932-e136-49ca-9ea8-261852dc7fef.jpg,1
1ad9c8ab-d8ce-4372-b151-23890a37ce31,2db449e6-c919-4fac-83d2-78373c7aa809,https://betaren.ru/harmful/bolezni/bolezni-gorokha-i-nuta/belaya_gnil_goroha/,downloads\images/diseases\disease_Белая_гниль_гороха_2db449e6-c919-4fac-83d2-78373c7aa809.jpg,1
b164f54e-2a6b-4724-9a33-5f9825b6a7e9,06ce2ab8-4247-40ad-b0e9-90b4abdac783,https://betaren.ru/harmful/bolezni/bolezni-gorokha-i-nuta/virus_deformir_mozaiki/,downloads\images/diseases\disease_Вирус_деформирующей_мозаики_06ce2ab8-4247-40ad-b0e9-90b4abdac783.jpg,1
7b4169ec-c6c8-4b45-b1e8-928a0436d6a5,47b4df19-e33d-47b5-81ab-067a1a6ba8d1,https://betaren.ru/harmful/bolezni/bolezni-gorokha-i-nuta/lozhnaya_muchnistaya_rosa/,downloads\images/diseases\disease_Ложная_мучнистая_роса_или_пероноспороз_47b4df19-e33d-47b5-81ab-067a1a6ba8d1.jpg,1
f4476fe2-fda6-4be2-a960-6f049a0743af,0da29dea-9cce-49ad-8a64-b17f10092d03,https://betaren.ru/harmful/bolezni/bolezni-gorokha-i-nuta/muchnistaya_rosa_goroh/,downloads\images/diseases\disease_Мучнистая_роса_гороха_0da29dea-9cce-49ad-8a64-b17f10092d03.jpg,1
4e5fc7b2-6dce-48ae-8ee5-bbc7492056b2,ff0a15a6-8733-457d-bbad-2ec9292ea03a,https://betaren.ru/harmful/bolezni/bolezni-gorokha-i-nuta/pitioznaya_kornevaya_gnil/,downloads\images/diseases\disease_Питиозная_корневая_гниль_ff0a15a6-8733-457d-bbad-2ec9292ea03a.jpg,1
65c1a57d-28a6-4562-83f8-0fe29aaa37f4,83ec7339-a28b-4cb6-8a21-768f54d72c24,https://betaren.ru/harmful/bolezni/bolezni-gorokha-i-nuta/rzhavchina/,downloads\images/diseases\disease_Ржавчина_гороха_83ec7339-a28b-4cb6-8a21-768f54d72c24.jpg,1
e4df0a1a-a5ad-43b0-b82f-67e249b8bf20,55cc7b8c-7c82-4c60-bdda-283ef784c80f,https://betaren.ru/harmful/bolezni/bolezni-gorokha-i-nuta/rizoktonioznaya_kornevaya_gnil/,downloads\images/diseases\disease_Ризоктониозная_корневая_гниль_55cc7b8c-7c82-4c60-bdda-283ef784c80f.jpg,1
82926e00-f400-46f1-86a3-df15e96caaae,1750c58d-5d72-42f5-b17f-ac782e4cdf8f,https://betaren.ru/harmful/bolezni/bolezni-gorokha-i-nuta/seraya_gnil_goroha/,downloads\images/diseases\disease_Серая_гниль_гороха_1750c58d-5d72-42f5-b17f-ac782e4cdf8f.jpg,1
d19284fe-df29-495e-83d2-6fab9e143d67,0eb9ffb6-9c61-4bcc-bf17-bd581a723673,https://betaren.ru/harmful/bolezni/bolezni-gorokha-i-nuta/fuzariozn_kornevaya_gnil_g/,downloads\images/diseases\disease_Фузариозная_корневая_гниль_0eb9ffb6-9c61-4bcc-bf17-bd581a723673.jpg,1
2c9ae101-0b53-424d-a447-f2cb55dae47c,a8c8299c-6813-4527-a8e3-e07b12133e07,https://betaren.ru/harmful/bolezni/bolezni-lna/antraknos_len/,downloads\images/diseases\disease_Антракноз_льна_a8c8299c-6813-4527-a8e3-e07b12133e07.jpg,1
7779f52f-b757-484f-b057-95944f909d62,e883610f-5971-4527-9188-640b9b53d171,https://betaren.ru/harmful/bolezni/bolezni-lna/krapchatost/,downloads\images/diseases\disease_Крапчатость_семядолей_льна_e883610f-5971-4527-9188-640b9b53d171.jpg,1
b8620639-80e1-403b-8498-77e89fbc08ee,dd33f491-90ef-43ea-908d-0f2e9fb5cc2c,https://betaren.ru/harmful/bolezni/bolezni-lna/muchnistaya_rosa_lna/,downloads\images/diseases\disease_Мучнистая_роса_льна_dd33f491-90ef-43ea-908d-0f2e9fb5cc2c.jpg,1
bf3a9885-f2fd-48d3-82e8-9d36a9a3b098,bf21e81e-413f-4325-802e-e070cab8b92e,https://betaren.ru/harmful/bolezni/bolezni-lna/pasmo/,downloads\images/diseases\disease_Пасмо_льна_bf21e81e-413f-4325-802e-e070cab8b92e.jpg,1
ebfc8c85-825c-4db2-89ff-1a8dec68d5cd,f388cb23-bbfd-4f1a-a6cd-051054db2a2e,https://betaren.ru/harmful/bolezni/bolezni-lna/rzavchina_lna/,downloads\images/diseases\disease_Ржавчина_льна_f388cb23-bbfd-4f1a-a6cd-051054db2a2e.jpg,1
b00f6060-566b-4892-9842-c1e7aa069508,2b1a3042-a371-4d49-93b9-f8a47f7d5ef5,https://betaren.ru/harmful/bolezni/bolezni-lna/fusarioz_lna/,downloads\images/diseases\disease_Фузариоз_льна_2b1a3042-a371-4d49-93b9-f8a47f7d5ef5.jpg,1
a31585e9-14b1-43d5-9e8e-1c0335e846be,274c8482-fa8f-44df-aafe-a77296871eb4,https://betaren.ru/harmful/bolezni/bolezni-kartofelya/alternarioz_kartofel/,downloads\images/diseases\disease_Альтернариоз_картофеля_274c8482-fa8f-44df-aafe-a77296871eb4.jpg,1
f2b59a3c-d4db-419a-b8f0-397161f8f4e3,819df1bc-5c48-48f3-bfba-9a9774bb6d7d,https://betaren.ru/harmful/bolezni/bolezni-kartofelya/antraknoz_kartofel/,downloads\images/diseases\disease_Антракноз_картофеля_819df1bc-5c48-48f3-bfba-9a9774bb6d7d.jpg,1
91a1c0ca-087d-47d7-aa33-e0a03840d5ea,385c1408-6299-4ee1-8e03-b02951caa99f,https://betaren.ru/harmful/bolezni/bolezni-kartofelya/buraya_gnil_kartofelya/,downloads\images/diseases\disease_Бурая_гниль_картофеля_385c1408-6299-4ee1-8e03-b02951caa99f.jpg,1
afe73465-829b-4da3-b2b1-e054778bfe42,061aea5d-0acf-4682-b75f-107eca7fa082,https://betaren.ru/harmful/bolezni/bolezni-kartofelya/kolcevaya_gnil/,downloads\images/diseases\disease_Кольцевая_гниль_061aea5d-0acf-4682-b75f-107eca7fa082.jpg,1
b8b994e6-9275-43c1-8e89-2746f66e163d,a10f859e-3c0c-494b-ba08-16ffcc45a0ef,https://betaren.ru/harmful/bolezni/bolezni-kartofelya/obyknovennaya_parsha/,downloads\images/diseases\disease_Обыкновенная_парша_a10f859e-3c0c-494b-ba08-16ffcc45a0ef.jpg,1
717941fe-7087-4dbd-a206-eadae58f122e,3e5ae24a-b5ca-4f00-a7be-1a5d5b8f809d,https://betaren.ru/harmful/bolezni/bolezni-kartofelya/oosporoz/,downloads\images/diseases\disease_Парша_бугорчатая_(ооспороз)_3e5ae24a-b5ca-4f00-a7be-1a5d5b8f809d.jpg,1
55eb70df-fd17-429e-94d2-6c6594d4efde,2eb57142-6350-4c43-971b-29a383edec65,https://betaren.ru/harmful/bolezni/bolezni-kartofelya/poroshistaya_parsha/,downloads\images/diseases\disease_Порошистая_парша_2eb57142-6350-4c43-971b-29a383edec65.jpg,1
ae4d7269-11ba-4414-891e-e96478c92ecb,5380ee58-a94a-422a-9b9e-23e4d1d45a71,https://betaren.ru/harmful/bolezni/bolezni-kartofelya/rak_kartofelya/,downloads\images/diseases\disease_Рак_картофеля_5380ee58-a94a-422a-9b9e-23e4d1d45a71.jpg,1
ac8debbf-449d-42b6-8d0e-a76e6d98c249,dda491e8-7b4c-4a3a-ac31-177c03e829de,https://betaren.ru/harmful/bolezni/bolezni-kartofelya/rezinovaya_gnil/,downloads\images/diseases\disease_Резиновая_гниль_dda491e8-7b4c-4a3a-ac31-177c03e829de.jpg,1
aca7f0c6-2d29-4908-8d79-592bb0293b87,a10f34bd-c3a3-416e-91bb-b4bae4f6192e,https://betaren.ru/harmful/bolezni/bolezni-kartofelya/rizoktonioz_kartofelya/,downloads\images/diseases\disease_Ризоктониоз_картофеля_a10f34bd-c3a3-416e-91bb-b4bae4f6192e.jpg,1
5a66d4cb-b9d2-42ce-a405-ce11a53dbef9,f2d6daf0-bb9a-4ca3-997c-1c4d57e70049,https://betaren.ru/harmful/bolezni/bolezni-kartofelya/serebristaya_parsha/,downloads\images/diseases\disease_Серебристая_парша_f2d6daf0-bb9a-4ca3-997c-1c4d57e70049.jpg,1
ca04ccde-53ba-4ac3-a732-d89ffee1dd13,feafcfdf-7c75-4d7c-b17d-b898b33260d5,https://betaren.ru/harmful/bolezni/bolezni-kartofelya/suhaya_gnil_klubney/,downloads\images/diseases\disease_Сухая_фузариозная_гниль_клубней_feafcfdf-7c75-4d7c-b17d-b898b33260d5.jpg,1
257fcd6f-d723-493c-9a1b-697f8d1869ad,c582814a-abd4-40b6-ba1d-464dae3808f7,https://betaren.ru/harmful/bolezni/bolezni-kartofelya/uvyadanie/,downloads\images/diseases\disease_Увядание_c582814a-abd4-40b6-ba1d-464dae3808f7.jpg,1
7e21e747-139e-4ee1-973d-05e6d0f0fd2b,caf99cd0-c403-49c2-abc6-13d26c145489,https://betaren.ru/harmful/bolezni/bolezni-kartofelya/fitoftoroz/,downloads\images/diseases\disease_Фитофтороз_caf99cd0-c403-49c2-abc6-13d26c145489.jpg,1
bdfbe173-65f9-46ef-aa90-8563aba26d2d,fdbd224b-02be-442b-ba22-b9f7c6b718f3,https://betaren.ru/harmful/bolezni/bolezni-kartofelya/phomoz_kartofelya/,downloads\images/diseases\disease_Фомоз_картофеля_fdbd224b-02be-442b-ba22-b9f7c6b718f3.jpg,1
f760c017-c352-444c-8396-b6a02ee46f19,f50a2613-79ac-425c-aaad-4f7f6942d71c,https://betaren.ru/harmful/bolezni/bolezni-kartofelya/chernaya_nozka/,downloads\images/diseases\disease_Черная_ножка_f50a2613-79ac-425c-aaad-4f7f6942d71c.jpg,1
